NumObj,Label,Size,Dist,Angle
12.0,0,272629.0,203.0,-80.0
2.0,0,11053.0,380.0,71.0
4.0,0,12951.0,196.0,-31.0
3.0,0,638040.0,380.0,-19.0
6.0,0,15708.0,453.0,-53.0
2.0,0,635445.0,362.0,-20.0
5.0,0,11990.0,53.0,24.0
4.0,0,54604.0,627.0,70.0
7.0,0,12045.0,79.0,49.0
2.0,0,21394.0,556.0,74.0
4.0,0,27586.0,601.0,68.0
3.0,0,138563.0,545.0,15.0
3.0,0,15433.0,481.0,-29.0
1.0,0,287492.0,939.0,18.0
2.0,0,91937.0,618.0,34.0
1.0,0,812854.0,389.0,-1.0
3.0,0,845001.0,365.0,-12.0
3.0,0,12920.0,463.0,-27.0
5.0,0,12980.0,475.0,-31.0
5.0,0,12563.0,481.0,-52.0
3.0,0,11161.0,589.0,66.0
4.0,0,100423.0,388.0,-86.0
7.0,0,100212.0,386.0,-86.0
5.0,0,215112.0,475.0,17.0
11.0,0,11029.0,160.0,-68.0
3.0,0,38141.0,484.0,-34.0
10.0,0,32323.0,607.0,-43.0
3.0,0,87439.0,508.0,-41.0
4.0,0,91995.0,502.0,-43.0
5.0,0,101315.0,525.0,-42.0
7.0,0,78461.0,530.0,-37.0
5.0,0,68146.0,537.0,-37.0
5.0,0,52667.0,513.0,-40.0
4.0,0,51849.0,491.0,-35.0
3.0,0,11014.0,484.0,-25.0
4.0,0,38084.0,447.0,-36.0
3.0,0,439332.0,340.0,88.0
4.0,0,77496.0,595.0,71.0
5.0,0,500979.0,334.0,-67.0
3.0,0,28836.0,443.0,-45.0
5.0,0,27708.0,464.0,-43.0
3.0,0,28834.0,462.0,-40.0
2.0,0,71453.0,804.0,49.0
0.0,0,0.0,0.0,0.0
1.0,0,496088.0,710.0,-47.0
0.0,0,0.0,0.0,0.0
0.0,0,0.0,0.0,0.0
0.0,0,0.0,0.0,0.0
0.0,0,0.0,0.0,0.0
0.0,0,0.0,0.0,0.0
0.0,0,0.0,0.0,0.0
0.0,0,0.0,0.0,0.0
0.0,0,0.0,0.0,0.0
1.0,0,10817.0,784.0,-36.0
0.0,0,0.0,0.0,0.0
0.0,0,0.0,0.0,0.0
1.0,0,10822.0,802.0,-37.0
0.0,0,0.0,0.0,0.0
1.0,0,14536.0,515.0,-24.0
0.0,0,0.0,0.0,0.0
1.0,0,10554.0,767.0,-36.0
1.0,0,15414.0,807.0,-37.0
1.0,0,12845.0,785.0,-37.0
0.0,0,0.0,0.0,0.0
0.0,0,0.0,0.0,0.0
0.0,0,0.0,0.0,0.0
2.0,0,12461.0,284.0,32.0
1.0,0,18101.0,875.0,-18.0
2.0,0,12096.0,719.0,8.0
3.0,0,46045.0,497.0,-42.0
3.0,0,53879.0,479.0,-41.0
3.0,0,26821.0,492.0,-33.0
1.0,0,10058.0,484.0,-38.0
2.0,0,24339.0,446.0,-41.0
2.0,0,44167.0,461.0,-40.0
4.0,0,54332.0,475.0,-40.0
1.0,0,20518.0,570.0,83.0
3.0,0,53453.0,479.0,-41.0
4.0,0,32987.0,300.0,37.0
3.0,0,80890.0,439.0,64.0
6.0,0,33304.0,458.0,-39.0
5.0,0,52257.0,483.0,-39.0
5.0,0,71305.0,506.0,-39.0
4.0,0,85101.0,546.0,-42.0
0.0,0,0.0,0.0,0.0
0.0,0,0.0,0.0,0.0
0.0,0,0.0,0.0,0.0
3.0,0,149164.0,616.0,-38.0
4.0,0,261874.0,476.0,-86.0
4.0,0,250256.0,476.0,-89.0
2.0,0,93610.0,500.0,89.0
2.0,0,231099.0,473.0,87.0
3.0,0,133789.0,456.0,-69.0
4.0,0,12068.0,254.0,57.0
3.0,0,331212.0,483.0,-82.0
2.0,0,317197.0,482.0,-76.0
3.0,0,262093.0,487.0,88.0
5.0,0,139920.0,565.0,-50.0
5.0,0,97435.0,559.0,68.0
3.0,0,207347.0,481.0,79.0
6.0,0,13626.0,404.0,-47.0
5.0,0,18558.0,271.0,76.0
3.0,0,319205.0,481.0,-86.0
4.0,0,15005.0,285.0,71.0
4.0,0,10771.0,254.0,63.0
5.0,0,43600.0,466.0,-42.0
2.0,0,39485.0,499.0,-61.0
4.0,0,46518.0,470.0,-44.0
4.0,0,64369.0,483.0,-55.0
5.0,0,93720.0,471.0,-69.0
4.0,0,125306.0,482.0,-86.0
4.0,0,45877.0,583.0,74.0
3.0,0,43133.0,524.0,-37.0
4.0,0,20827.0,568.0,76.0
4.0,0,73750.0,499.0,-37.0
4.0,0,100605.0,527.0,-34.0
3.0,0,103986.0,533.0,-36.0
3.0,0,56327.0,482.0,-51.0
2.0,0,11272.0,477.0,-65.0
5.0,0,47337.0,488.0,-43.0
2.0,0,18805.0,579.0,78.0
2.0,0,30362.0,600.0,79.0
1.0,0,25613.0,594.0,79.0
0.0,0,0.0,0.0,0.0
3.0,0,10787.0,568.0,82.0
0.0,0,0.0,0.0,0.0
0.0,0,0.0,0.0,0.0
0.0,0,0.0,0.0,0.0
0.0,0,0.0,0.0,0.0
2.0,0,39706.0,572.0,72.0
2.0,0,15068.0,560.0,80.0
3.0,0,18069.0,432.0,-30.0
0.0,0,0.0,0.0,0.0
0.0,0,0.0,0.0,0.0
0.0,0,0.0,0.0,0.0
3.0,0,109765.0,518.0,-47.0
5.0,0,101369.0,529.0,-44.0
3.0,0,33398.0,579.0,76.0
1.0,0,18861.0,756.0,18.0
3.0,0,12569.0,391.0,-37.0
3.0,0,90754.0,409.0,67.0
3.0,0,19059.0,424.0,-32.0
2.0,0,146924.0,478.0,-75.0
3.0,0,81428.0,509.0,-52.0
3.0,0,22602.0,425.0,-30.0
2.0,0,22589.0,469.0,-65.0
4.0,0,27925.0,438.0,-31.0
5.0,0,17032.0,272.0,40.0
5.0,0,103754.0,530.0,-44.0
4.0,0,217257.0,521.0,-62.0
1.0,0,156342.0,254.0,82.0
1.0,0,156082.0,254.0,82.0
2.0,0,10732.0,416.0,-37.0
4.0,0,113673.0,530.0,-47.0
5.0,0,78761.0,496.0,-42.0
8.0,0,15363.0,470.0,-70.0
1.0,0,13156.0,590.0,78.0
2.0,0,21328.0,545.0,77.0
2.0,0,52529.0,560.0,71.0
1.0,0,21377.0,561.0,75.0
2.0,0,24933.0,600.0,79.0
1.0,0,27366.0,576.0,77.0
4.0,0,20149.0,578.0,77.0
4.0,0,10864.0,490.0,-70.0
7.0,0,22334.0,453.0,-30.0
5.0,0,94125.0,534.0,-41.0
5.0,0,49418.0,465.0,-42.0
6.0,0,32599.0,486.0,-61.0
5.0,0,37506.0,566.0,76.0
4.0,0,182141.0,460.0,-82.0
2.0,0,411102.0,571.0,-47.0
2.0,0,486016.0,637.0,64.0
3.0,0,38129.0,457.0,-38.0
2.0,0,457180.0,648.0,64.0
2.0,0,125947.0,271.0,57.0
1.0,0,136019.0,254.0,58.0
1.0,0,159704.0,1027.0,7.0
2.0,0,15611.0,537.0,76.0
1.0,0,23085.0,811.0,-37.0
0.0,0,0.0,0.0,0.0
2.0,0,12747.0,360.0,20.0
1.0,0,15236.0,375.0,23.0
3.0,0,31896.0,322.0,31.0
3.0,0,15181.0,520.0,-38.0
3.0,0,14618.0,515.0,-34.0
2.0,0,40639.0,472.0,-39.0
3.0,0,256579.0,427.0,-82.0
5.0,0,18572.0,277.0,40.0
5.0,0,13419.0,356.0,22.0
1.0,0,14135.0,565.0,70.0
0.0,0,0.0,0.0,0.0
0.0,0,0.0,0.0,0.0
5.0,0,43768.0,474.0,-47.0
2.0,0,43901.0,449.0,-45.0
4.0,0,65214.0,460.0,-52.0
7.0,0,171325.0,510.0,-69.0
3.0,0,511783.0,549.0,-38.0
6.0,0,23041.0,295.0,36.0
3.0,0,165566.0,452.0,-78.0
5.0,0,78519.0,477.0,-54.0
3.0,0,85773.0,507.0,-50.0
2.0,0,23766.0,453.0,-33.0
3.0,0,19142.0,473.0,-34.0
6.0,0,17365.0,456.0,-34.0
7.0,0,23060.0,455.0,-60.0
7.0,0,58258.0,599.0,-30.0
7.0,0,57396.0,516.0,-37.0
3.0,0,215043.0,492.0,-33.0
2.0,0,213314.0,493.0,-34.0
4.0,0,17002.0,566.0,-19.0
6.0,0,67776.0,502.0,-54.0
5.0,0,80148.0,499.0,-41.0
3.0,0,134753.0,564.0,-39.0
4.0,0,139681.0,665.0,-33.0
5.0,0,51677.0,629.0,68.0
7.0,0,18189.0,253.0,69.0
1.0,0,509447.0,573.0,-49.0
1.0,0,514512.0,550.0,-53.0
2.0,0,176478.0,663.0,59.0
4.0,0,186714.0,489.0,4.0
4.0,0,43136.0,502.0,-50.0
5.0,0,187956.0,509.0,3.0
7.0,0,58681.0,389.0,38.0
5.0,0,47425.0,480.0,-51.0
6.0,0,55076.0,404.0,36.0
1.0,0,22756.0,1158.0,10.0
1.0,0,180085.0,289.0,-54.0
2.0,0,179860.0,289.0,-54.0
10.0,0,12575.0,402.0,73.0
0.0,0,0.0,0.0,0.0
7.0,0,461599.0,242.0,-36.0
3.0,1,134846.0,411.0,33.0
0.0,1,0.0,0.0,0.0
0.0,1,0.0,0.0,0.0
4.0,1,16240.0,203.0,-9.0
3.0,1,10713.0,763.0,32.0
0.0,1,0.0,0.0,0.0
1.0,1,25703.0,192.0,16.0
1.0,1,47665.0,197.0,-8.0
1.0,1,53398.0,189.0,-6.0
2.0,1,22863.0,116.0,-79.0
1.0,1,49797.0,737.0,-36.0
3.0,1,31331.0,103.0,-74.0
3.0,1,24776.0,199.0,14.0
2.0,1,19348.0,273.0,2.0
4.0,1,12004.0,152.0,25.0
3.0,0,31289.0,284.0,-19.0
3.0,0,16577.0,263.0,-19.0
3.0,0,34923.0,290.0,-19.0
1.0,0,34422.0,1141.0,17.0
1.0,0,22422.0,814.0,-36.0
1.0,0,38225.0,1133.0,16.0
4.0,0,62826.0,331.0,-57.0
0.0,0,0.0,0.0,0.0
1.0,0,11584.0,132.0,14.0
2.0,0,147789.0,555.0,-34.0
2.0,0,147666.0,574.0,-33.0
3.0,0,13451.0,283.0,-26.0
1.0,1,16138.0,116.0,43.0
1.0,1,16733.0,173.0,21.0
1.0,1,21085.0,139.0,30.0
2.0,1,159343.0,495.0,-37.0
1.0,1,22153.0,250.0,7.0
1.0,1,13763.0,232.0,14.0
2.0,1,134351.0,559.0,-31.0
0.0,1,0.0,0.0,0.0
2.0,1,10592.0,265.0,-6.0
1.0,1,30041.0,179.0,-77.0
1.0,1,10381.0,154.0,84.0
1.0,1,31160.0,171.0,-77.0
2.0,1,15086.0,211.0,7.0
1.0,1,12534.0,245.0,-7.0
2.0,1,12641.0,214.0,9.0
3.0,0,175910.0,445.0,-39.0
2.0,0,160311.0,516.0,-34.0
0.0,0,0.0,0.0,0.0
1.0,0,19679.0,157.0,74.0
1.0,0,29162.0,168.0,59.0
1.0,0,33780.0,151.0,59.0
2.0,0,183140.0,488.0,-37.0
0.0,0,0.0,0.0,0.0
0.0,0,0.0,0.0,0.0
1.0,0,33457.0,1248.0,30.0
0.0,0,0.0,0.0,0.0
1.0,0,33046.0,1249.0,30.0
3.0,1,35441.0,419.0,28.0
1.0,1,41673.0,246.0,-3.0
1.0,1,40754.0,242.0,-5.0
0.0,0,0.0,0.0,0.0
0.0,0,0.0,0.0,0.0
0.0,0,0.0,0.0,0.0
1.0,1,46292.0,201.0,-5.0
3.0,1,60840.0,317.0,-59.0
1.0,1,46599.0,204.0,-5.0
1.0,0,10497.0,233.0,-23.0
0.0,0,0.0,0.0,0.0
0.0,0,0.0,0.0,0.0
2.0,1,15048.0,191.0,19.0
1.0,1,40228.0,220.0,-7.0
2.0,1,21333.0,184.0,15.0
1.0,0,72096.0,1114.0,24.0
1.0,0,22030.0,1205.0,24.0
1.0,0,65576.0,1104.0,25.0
1.0,1,22686.0,186.0,17.0
0.0,1,0.0,0.0,0.0
1.0,1,24759.0,197.0,14.0
0.0,1,0.0,0.0,0.0
1.0,1,12474.0,281.0,-4.0
0.0,1,0.0,0.0,0.0
1.0,0,65374.0,1138.0,17.0
0.0,0,0.0,0.0,0.0
1.0,0,64118.0,1137.0,17.0
4.0,0,18716.0,462.0,-43.0
3.0,0,360494.0,570.0,-49.0
4.0,0,11599.0,231.0,62.0
3.0,0,69443.0,492.0,-50.0
6.0,0,282619.0,415.0,88.0
7.0,0,30053.0,295.0,43.0
5.0,0,12438.0,522.0,-63.0
4.0,0,11912.0,444.0,-29.0
6.0,0,15266.0,409.0,-63.0
7.0,0,78957.0,497.0,-53.0
5.0,0,82029.0,504.0,-55.0
6.0,0,88176.0,513.0,-56.0
4.0,0,160375.0,615.0,-44.0
5.0,0,54352.0,608.0,73.0
3.0,0,128945.0,557.0,-45.0
3.0,0,329914.0,501.0,-74.0
3.0,0,308761.0,502.0,-78.0
3.0,0,11016.0,227.0,82.0
3.0,0,235059.0,535.0,-55.0
5.0,0,89114.0,507.0,-49.0
6.0,0,98773.0,531.0,-42.0
5.0,0,12553.0,527.0,-33.0
1.0,0,33970.0,541.0,-88.0
6.0,0,24180.0,520.0,-36.0
4.0,0,155260.0,477.0,-66.0
2.0,0,75484.0,521.0,-49.0
3.0,0,151882.0,467.0,-68.0
3.0,0,639771.0,396.0,73.0
9.0,0,10604.0,421.0,33.0
7.0,0,13189.0,346.0,-39.0
3.0,0,171539.0,553.0,-27.0
3.0,0,39821.0,474.0,-38.0
4.0,0,25518.0,514.0,-39.0
4.0,0,150065.0,546.0,6.0
5.0,0,31340.0,514.0,-64.0
6.0,0,148523.0,544.0,6.0
4.0,0,23980.0,475.0,-61.0
6.0,0,10930.0,471.0,-25.0
5.0,0,53590.0,460.0,-52.0
15.0,0,14486.0,63.0,1.0
5.0,0,55745.0,84.0,-69.0
15.0,0,10090.0,91.0,-4.0
2.0,0,514269.0,442.0,-59.0
2.0,0,118525.0,686.0,59.0
2.0,0,569288.0,396.0,-72.0
0.0,0,0.0,0.0,0.0
0.0,0,0.0,0.0,0.0
0.0,0,0.0,0.0,0.0
0.0,0,0.0,0.0,0.0
0.0,0,0.0,0.0,0.0
0.0,0,0.0,0.0,0.0
0.0,0,0.0,0.0,0.0
0.0,0,0.0,0.0,0.0
0.0,0,0.0,0.0,0.0
0.0,0,0.0,0.0,0.0
0.0,0,0.0,0.0,0.0
0.0,0,0.0,0.0,0.0
4.0,0,18850.0,347.0,-16.0
5.0,0,10719.0,335.0,-22.0
4.0,0,19644.0,345.0,-17.0
8.0,0,113388.0,232.0,85.0
6.0,0,79202.0,490.0,-49.0
6.0,0,112977.0,233.0,85.0
0.0,0,0.0,0.0,0.0
0.0,0,0.0,0.0,0.0
1.0,0,16938.0,573.0,70.0
2.0,0,67499.0,467.0,-53.0
3.0,0,22018.0,505.0,-58.0
4.0,0,15014.0,233.0,57.0
1.0,0,45640.0,538.0,74.0
4.0,0,14856.0,246.0,49.0
6.0,0,11816.0,428.0,-50.0
4.0,0,51108.0,620.0,72.0
5.0,0,180280.0,572.0,-46.0
5.0,0,49757.0,579.0,72.0
4.0,0,115878.0,581.0,-35.0
4.0,0,128458.0,584.0,-37.0
4.0,0,51667.0,461.0,-39.0
4.0,0,194080.0,463.0,-77.0
4.0,0,97038.0,492.0,-47.0
2.0,0,258769.0,463.0,-85.0
3.0,0,21589.0,383.0,-41.0
2.0,0,17117.0,563.0,79.0
3.0,0,32536.0,410.0,-37.0
0.0,0,0.0,0.0,0.0
0.0,0,0.0,0.0,0.0
0.0,0,0.0,0.0,0.0
5.0,0,53431.0,432.0,-46.0
5.0,0,10568.0,385.0,-59.0
4.0,0,52167.0,445.0,-45.0
4.0,0,17581.0,466.0,-26.0
2.0,0,62434.0,472.0,-42.0
2.0,0,19380.0,432.0,-51.0
0.0,0,0.0,0.0,0.0
1.0,0,23164.0,366.0,-44.0
1.0,0,23008.0,389.0,-43.0
0.0,0,0.0,0.0,0.0
0.0,0,0.0,0.0,0.0
0.0,0,0.0,0.0,0.0
0.0,0,0.0,0.0,0.0
0.0,0,0.0,0.0,0.0
0.0,0,0.0,0.0,0.0
0.0,0,0.0,0.0,0.0
0.0,0,0.0,0.0,0.0
0.0,0,0.0,0.0,0.0
3.0,0,86124.0,472.0,-43.0
3.0,0,95954.0,487.0,-41.0
1.0,0,91232.0,485.0,-42.0
2.0,0,13197.0,360.0,-47.0
2.0,0,36145.0,470.0,-35.0
4.0,0,16258.0,397.0,-48.0
0.0,0,0.0,0.0,0.0
1.0,0,61464.0,451.0,-41.0
2.0,0,64696.0,457.0,-41.0
1.0,0,27229.0,440.0,-32.0
0.0,0,0.0,0.0,0.0
1.0,0,26056.0,470.0,-32.0
3.0,0,10277.0,116.0,-62.0
3.0,0,15808.0,81.0,-72.0
2.0,0,17468.0,106.0,-69.0
2.0,0,17829.0,212.0,-36.0
0.0,0,0.0,0.0,0.0
1.0,0,57179.0,376.0,-37.0
2.0,0,19966.0,172.0,2.0
1.0,0,20350.0,226.0,-18.0
3.0,0,18602.0,182.0,0.0
3.0,0,209763.0,448.0,-67.0
6.0,0,101533.0,532.0,-34.0
5.0,0,158246.0,514.0,-42.0
6.0,0,12242.0,131.0,27.0
6.0,0,74758.0,490.0,-38.0
5.0,0,11886.0,119.0,24.0
1.0,0,13532.0,157.0,-10.0
1.0,0,17228.0,155.0,-12.0
1.0,0,18417.0,149.0,-12.0
3.0,0,46551.0,222.0,-19.0
5.0,0,23074.0,261.0,8.0
3.0,0,28863.0,246.0,-44.0
6.0,0,10268.0,285.0,8.0
4.0,0,15603.0,256.0,0.0
4.0,0,118915.0,473.0,-34.0
2.0,0,80169.0,426.0,-38.0
3.0,0,30604.0,337.0,-33.0
5.0,0,42527.0,354.0,-41.0
3.0,0,64659.0,424.0,-37.0
4.0,0,85931.0,488.0,-29.0
4.0,0,83135.0,454.0,-33.0
6.0,0,10129.0,255.0,63.0
5.0,0,27586.0,449.0,-64.0
4.0,0,31178.0,450.0,-62.0
1.0,0,12178.0,302.0,-12.0
2.0,0,14842.0,282.0,32.0
2.0,0,14198.0,278.0,33.0
6.0,0,15949.0,318.0,2.0
5.0,0,23302.0,561.0,-28.0
3.0,0,95066.0,452.0,-43.0
1.0,0,28370.0,373.0,-23.0
2.0,0,27919.0,389.0,-26.0
2.0,0,33975.0,374.0,-31.0
2.0,0,18646.0,81.0,-61.0
3.0,0,14250.0,62.0,-54.0
3.0,0,18516.0,75.0,-73.0
4.0,0,27955.0,462.0,-58.0
2.0,0,81841.0,498.0,-40.0
3.0,0,45787.0,509.0,-49.0
6.0,0,84997.0,494.0,-39.0
5.0,0,358362.0,515.0,-66.0
4.0,0,384486.0,489.0,-76.0
2.0,0,20905.0,152.0,-1.0
2.0,0,17385.0,274.0,-10.0
2.0,0,54148.0,372.0,-20.0
2.0,0,16745.0,72.0,-74.0
2.0,0,13783.0,40.0,80.0
4.0,0,13553.0,74.0,76.0
1.0,0,89159.0,554.0,-27.0
2.0,0,11479.0,284.0,-13.0
3.0,0,91920.0,552.0,-26.0
6.0,1,86816.0,178.0,-15.0
3.0,1,21112.0,263.0,-15.0
5.0,1,92994.0,167.0,-8.0
2.0,1,59354.0,139.0,-32.0
1.0,1,13589.0,211.0,-26.0
2.0,1,58577.0,129.0,-33.0
1.0,1,93604.0,137.0,-19.0
2.0,1,75892.0,184.0,-22.0
2.0,1,86194.0,146.0,-22.0
2.0,1,65870.0,49.0,12.0
2.0,1,52810.0,46.0,22.0
2.0,1,48495.0,31.0,34.0
3.0,1,45437.0,45.0,52.0
1.0,1,24876.0,432.0,-44.0
3.0,1,44503.0,46.0,55.0
4.0,1,32744.0,35.0,72.0
2.0,1,170101.0,349.0,-32.0
2.0,1,165191.0,354.0,-31.0
2.0,1,199417.0,415.0,-60.0
2.0,1,96126.0,458.0,-33.0
4.0,1,155962.0,475.0,-36.0
5.0,1,127982.0,475.0,-42.0
4.0,1,105246.0,463.0,-36.0
4.0,1,90783.0,410.0,-37.0
3.0,1,112484.0,396.0,-43.0
2.0,1,80208.0,423.0,-31.0
5.0,1,91399.0,395.0,-38.0
2.0,1,97720.0,392.0,-31.0
3.0,1,106407.0,379.0,-34.0
3.0,1,126095.0,398.0,-33.0
2.0,1,75686.0,422.0,-28.0
3.0,1,107086.0,382.0,-20.0
2.0,1,118479.0,377.0,-24.0
3.0,1,34720.0,233.0,-15.0
2.0,1,43149.0,243.0,-17.0
4.0,1,42270.0,247.0,-17.0
3.0,1,54731.0,242.0,-8.0
1.0,1,47289.0,253.0,-11.0
4.0,1,55760.0,245.0,-9.0
1.0,1,51206.0,267.0,-12.0
3.0,1,49887.0,277.0,-12.0
2.0,1,77481.0,367.0,-17.0
1.0,1,118492.0,381.0,-25.0
2.0,1,52112.0,286.0,-26.0
1.0,1,100009.0,367.0,-24.0
3.0,1,104983.0,410.0,-26.0
2.0,1,95352.0,373.0,-28.0
4.0,1,18138.0,212.0,10.0
2.0,1,127593.0,455.0,-28.0
3.0,1,95264.0,396.0,-22.0
3.0,1,126493.0,466.0,-28.0
3.0,1,63046.0,289.0,-21.0
1.0,1,87614.0,348.0,-30.0
1.0,1,89365.0,351.0,-31.0
2.0,1,102997.0,377.0,-25.0
3.0,1,80932.0,324.0,-32.0
4.0,1,86402.0,312.0,-28.0
5.0,1,174122.0,481.0,-34.0
4.0,1,87882.0,387.0,-36.0
4.0,1,153256.0,451.0,-35.0
3.0,1,106890.0,428.0,-31.0
3.0,1,86777.0,390.0,-29.0
4.0,1,92464.0,367.0,-35.0
7.0,1,107118.0,441.0,-38.0
4.0,1,179003.0,394.0,40.0
6.0,1,178808.0,392.0,40.0
3.0,1,130800.0,441.0,-45.0
4.0,1,151158.0,461.0,-34.0
3.0,1,241957.0,418.0,-69.0
4.0,1,119555.0,431.0,-31.0
4.0,1,84325.0,430.0,-26.0
5.0,1,93956.0,377.0,-32.0
6.0,1,135509.0,440.0,-37.0
2.0,1,93566.0,374.0,-29.0
4.0,1,130770.0,542.0,-39.0
4.0,1,42427.0,264.0,-26.0
4.0,1,63729.0,294.0,-32.0
3.0,1,59173.0,296.0,-32.0
2.0,1,98424.0,401.0,-28.0
3.0,1,104357.0,401.0,-25.0
2.0,1,89180.0,380.0,-27.0
3.0,1,93913.0,374.0,-28.0
2.0,1,74835.0,325.0,-35.0
4.0,1,71547.0,307.0,-36.0
1.0,1,99170.0,357.0,-25.0
1.0,1,88372.0,324.0,-23.0
2.0,1,70960.0,267.0,-21.0
3.0,1,93792.0,402.0,-23.0
1.0,1,101824.0,397.0,-26.0
2.0,1,97052.0,409.0,-28.0
2.0,1,142496.0,390.0,-27.0
2.0,1,89586.0,306.0,-32.0
3.0,1,124437.0,429.0,-26.0
3.0,1,125396.0,429.0,-37.0
4.0,1,149570.0,463.0,-29.0
3.0,1,160218.0,533.0,-26.0
3.0,1,68674.0,384.0,-30.0
2.0,1,80407.0,357.0,-27.0
2.0,1,69944.0,364.0,-20.0
2.0,1,93761.0,365.0,-18.0
1.0,1,104788.0,393.0,-25.0
3.0,1,123805.0,393.0,-25.0
3.0,1,61699.0,338.0,-15.0
2.0,1,22931.0,323.0,-14.0
2.0,1,87423.0,388.0,-17.0
1.0,1,97446.0,384.0,-19.0
1.0,1,104760.0,388.0,-22.0
1.0,1,99764.0,386.0,-22.0
2.0,1,70848.0,319.0,-25.0
2.0,1,68000.0,295.0,-26.0
2.0,1,74674.0,316.0,-28.0
4.0,1,72424.0,359.0,-18.0
3.0,1,89034.0,374.0,-34.0
1.0,1,107770.0,429.0,-27.0
2.0,1,92021.0,415.0,-31.0
2.0,1,116865.0,424.0,-28.0
3.0,1,131712.0,437.0,-30.0
6.0,1,102900.0,389.0,-25.0
4.0,1,86604.0,362.0,-28.0
3.0,1,47984.0,624.0,77.0
6.0,1,86374.0,424.0,-29.0
4.0,1,141001.0,479.0,-27.0
5.0,1,159583.0,479.0,-29.0
3.0,1,52614.0,300.0,-36.0
4.0,1,49217.0,297.0,-28.0
4.0,1,48375.0,299.0,-37.0
4.0,1,115627.0,470.0,-30.0
4.0,1,50787.0,317.0,-29.0
3.0,1,107304.0,458.0,-29.0
4.0,1,127838.0,434.0,-37.0
4.0,1,105733.0,435.0,-38.0
4.0,1,133898.0,415.0,-39.0
2.0,1,357146.0,367.0,82.0
2.0,1,70834.0,401.0,-31.0
2.0,1,356868.0,367.0,82.0
4.0,1,46510.0,359.0,-39.0
2.0,1,100422.0,428.0,-35.0
3.0,1,92281.0,432.0,-35.0
5.0,1,47555.0,277.0,-30.0
3.0,1,65840.0,327.0,-33.0
4.0,1,79018.0,420.0,-26.0
2.0,1,34663.0,304.0,-31.0
3.0,1,22258.0,337.0,-37.0
4.0,1,48820.0,309.0,-32.0
3.0,1,110487.0,386.0,-27.0
1.0,1,108556.0,385.0,-27.0
2.0,1,73201.0,348.0,-35.0
1.0,1,70501.0,319.0,-29.0
2.0,1,95711.0,399.0,-29.0
2.0,1,95842.0,389.0,-28.0
2.0,1,85900.0,398.0,-26.0
3.0,1,41295.0,286.0,-23.0
2.0,1,90281.0,395.0,-27.0
3.0,1,51604.0,359.0,-26.0
2.0,1,72782.0,403.0,-27.0
3.0,1,55009.0,312.0,-22.0
1.0,1,58500.0,263.0,-23.0
2.0,1,68207.0,245.0,-22.0
1.0,1,92790.0,387.0,-17.0
3.0,1,26367.0,274.0,-31.0
2.0,1,29098.0,223.0,-24.0
3.0,1,41168.0,302.0,-29.0
2.0,1,28106.0,210.0,-24.0
5.0,1,82357.0,233.0,-33.0
2.0,1,394922.0,516.0,28.0
4.0,1,60086.0,60.0,-77.0
2.0,1,80151.0,85.0,-45.0
2.0,1,67979.0,76.0,-60.0
1.0,1,42703.0,119.0,-41.0
4.0,1,32652.0,118.0,-64.0
3.0,1,53118.0,126.0,-42.0
2.0,1,28962.0,129.0,-66.0
3.0,1,50571.0,118.0,-43.0
4.0,1,44798.0,113.0,-55.0
4.0,1,50864.0,119.0,-35.0
3.0,1,27722.0,114.0,-63.0
4.0,1,47843.0,126.0,-37.0
2.0,1,19010.0,61.0,15.0
3.0,1,84051.0,282.0,-27.0
3.0,1,53394.0,180.0,-35.0
5.0,1,51322.0,185.0,-43.0
3.0,1,32817.0,86.0,-24.0
5.0,1,34670.0,117.0,-18.0
2.0,1,74304.0,290.0,-38.0
4.0,1,82885.0,262.0,-37.0
2.0,1,97536.0,356.0,-29.0
1.0,1,32757.0,187.0,-20.0
2.0,1,50133.0,192.0,-17.0
3.0,1,42666.0,190.0,-20.0
4.0,1,53536.0,171.0,-30.0
3.0,1,57237.0,161.0,-37.0
2.0,1,46847.0,180.0,-40.0
4.0,1,46616.0,203.0,-39.0
1.0,1,60734.0,222.0,-35.0
4.0,1,61157.0,223.0,-33.0
2.0,1,64057.0,252.0,-31.0
2.0,1,103599.0,395.0,-32.0
5.0,1,80863.0,321.0,-35.0
5.0,1,64160.0,268.0,-30.0
2.0,1,109492.0,408.0,-26.0
3.0,1,68146.0,275.0,-29.0
4.0,1,40363.0,232.0,-21.0
3.0,1,49546.0,290.0,-26.0
1.0,1,80192.0,387.0,-28.0
4.0,1,79417.0,314.0,-33.0
2.0,1,49474.0,255.0,-35.0
2.0,1,77255.0,312.0,-35.0
2.0,1,110933.0,346.0,-28.0
3.0,1,66904.0,265.0,-27.0
2.0,1,102698.0,366.0,-32.0
3.0,1,45432.0,243.0,-17.0
2.0,1,53406.0,263.0,-21.0
2.0,1,81508.0,351.0,-22.0
1.0,1,74244.0,364.0,-16.0
2.0,1,59793.0,260.0,-12.0
3.0,1,56020.0,250.0,-12.0
3.0,1,27302.0,121.0,13.0
3.0,1,45124.0,148.0,-18.0
3.0,1,43366.0,141.0,-18.0
2.0,1,53089.0,134.0,-38.0
4.0,1,32500.0,118.0,-33.0
3.0,1,61072.0,161.0,-38.0
2.0,1,55276.0,161.0,-24.0
4.0,1,56184.0,167.0,-39.0
2.0,1,70801.0,187.0,-32.0
3.0,1,45190.0,146.0,-14.0
1.0,1,56420.0,174.0,-25.0
2.0,1,82051.0,285.0,-23.0
1.0,1,60182.0,183.0,-37.0
1.0,1,41963.0,192.0,-36.0
1.0,1,63334.0,201.0,-38.0
2.0,1,59559.0,222.0,-20.0
2.0,1,61493.0,237.0,-32.0
2.0,1,72521.0,211.0,-25.0
1.0,1,39589.0,212.0,-26.0
1.0,1,44972.0,190.0,-23.0
1.0,1,55261.0,204.0,-25.0
2.0,1,126841.0,395.0,-24.0
1.0,1,86003.0,482.0,-23.0
2.0,1,134748.0,408.0,-23.0
1.0,1,62427.0,454.0,-18.0
1.0,1,74552.0,496.0,-19.0
2.0,1,81040.0,498.0,-19.0
2.0,1,124967.0,432.0,-17.0
2.0,1,96117.0,385.0,-15.0
3.0,1,119559.0,412.0,-17.0
2.0,1,71637.0,27.0,-90.0
1.0,1,49854.0,23.0,-12.0
2.0,1,81937.0,32.0,-58.0
1.0,1,56490.0,18.0,15.0
1.0,1,32367.0,20.0,0.0
3.0,1,73038.0,37.0,-27.0
1.0,1,53257.0,29.0,3.0
1.0,1,19887.0,76.0,3.0
1.0,1,55678.0,22.0,0.0
2.0,1,61991.0,53.0,31.0
1.0,1,56360.0,21.0,-58.0
1.0,1,65371.0,40.0,12.0
1.0,1,60113.0,20.0,-36.0
1.0,1,64718.0,17.0,-59.0
1.0,1,31158.0,14.0,-77.0
2.0,1,46067.0,26.0,58.0
1.0,1,25909.0,47.0,-17.0
3.0,1,53506.0,35.0,49.0
1.0,1,45773.0,36.0,-9.0
1.0,1,38421.0,33.0,-28.0
1.0,1,41743.0,3.0,-71.0
3.0,1,65925.0,37.0,-37.0
2.0,1,70509.0,28.0,-67.0
3.0,1,80933.0,35.0,-36.0
1.0,1,53947.0,3.0,-33.0
2.0,1,98878.0,63.0,-33.0
2.0,1,102612.0,60.0,-35.0
2.0,1,61901.0,241.0,-19.0
2.0,1,58314.0,228.0,-30.0
2.0,1,72193.0,249.0,-28.0
3.0,1,107999.0,351.0,-26.0
3.0,1,72188.0,253.0,-22.0
3.0,1,71356.0,286.0,-33.0
3.0,1,47791.0,230.0,-33.0
5.0,1,61842.0,259.0,-30.0
4.0,1,62101.0,248.0,-30.0
3.0,1,43900.0,259.0,-17.0
2.0,1,74397.0,393.0,-26.0
2.0,1,79614.0,399.0,-22.0
2.0,1,97033.0,428.0,-33.0
5.0,1,10094.0,399.0,3.0
1.0,1,98444.0,428.0,-30.0
3.0,1,73132.0,363.0,-24.0
1.0,1,92285.0,400.0,-27.0
3.0,1,99936.0,398.0,-27.0
2.0,1,40822.0,272.0,-34.0
3.0,1,60714.0,280.0,-27.0
3.0,1,94819.0,367.0,-28.0
3.0,1,85829.0,359.0,-26.0
3.0,1,51719.0,260.0,-26.0
4.0,1,57337.0,276.0,-32.0
3.0,1,51987.0,242.0,-13.0
1.0,1,47939.0,241.0,-17.0
4.0,1,47862.0,247.0,-12.0
1.0,1,81862.0,393.0,-26.0
3.0,1,35212.0,218.0,-16.0
3.0,1,77524.0,341.0,-32.0
3.0,1,94252.0,359.0,-18.0
2.0,1,103367.0,391.0,-14.0
3.0,1,120099.0,389.0,-17.0
3.0,1,74845.0,78.0,45.0
3.0,1,84839.0,78.0,0.0
2.0,1,131864.0,198.0,-16.0
4.0,1,142273.0,332.0,-40.0
3.0,1,24148.0,36.0,-3.0
5.0,1,31364.0,46.0,-55.0
6.0,1,45024.0,91.0,-23.0
7.0,1,34241.0,31.0,-28.0
3.0,1,142919.0,418.0,80.0
3.0,1,91849.0,268.0,-28.0
4.0,1,118190.0,280.0,-33.0
4.0,1,118804.0,323.0,-32.0
3.0,1,105116.0,239.0,-24.0
4.0,1,16868.0,43.0,21.0
3.0,1,115085.0,239.0,-33.0
2.0,1,64581.0,46.0,-8.0
3.0,1,65686.0,84.0,-10.0
1.0,1,110313.0,200.0,-24.0
1.0,1,44341.0,64.0,53.0
5.0,1,38751.0,39.0,75.0
4.0,1,42471.0,33.0,76.0
2.0,1,25561.0,61.0,-55.0
2.0,1,56318.0,32.0,40.0
4.0,1,54186.0,36.0,37.0
2.0,1,82821.0,57.0,-4.0
3.0,1,80393.0,59.0,-2.0
2.0,1,67258.0,55.0,-10.0
2.0,1,45484.0,45.0,23.0
5.0,1,14482.0,62.0,-44.0
4.0,1,42711.0,70.0,40.0
1.0,1,45638.0,82.0,11.0
1.0,1,48415.0,68.0,6.0
1.0,1,58439.0,76.0,0.0
1.0,1,50801.0,82.0,-4.0
1.0,1,45461.0,67.0,5.0
1.0,1,53099.0,85.0,-8.0
2.0,1,21005.0,40.0,82.0
6.0,1,156444.0,337.0,-41.0
6.0,1,163849.0,354.0,-40.0
3.0,1,220011.0,271.0,-10.0
3.0,1,170078.0,404.0,-33.0
4.0,1,146029.0,184.0,19.0
3.0,1,218121.0,429.0,-65.0
5.0,1,123247.0,437.0,-37.0
3.0,1,216301.0,410.0,-67.0
6.0,1,13031.0,451.0,-70.0
4.0,1,180883.0,451.0,-35.0
3.0,1,172637.0,486.0,-31.0
7.0,1,12610.0,450.0,-55.0
1.0,1,92399.0,382.0,-29.0
5.0,1,15625.0,481.0,-70.0
2.0,1,48085.0,450.0,-24.0
1.0,1,96528.0,380.0,-25.0
3.0,1,103097.0,389.0,-27.0
2.0,1,86065.0,403.0,-17.0
3.0,1,113656.0,450.0,-22.0
2.0,1,77323.0,367.0,-16.0
2.0,1,51450.0,424.0,-23.0
3.0,1,108554.0,445.0,-22.0
2.0,1,76464.0,364.0,-21.0
1.0,1,71925.0,343.0,-12.0
1.0,1,47063.0,362.0,-10.0
2.0,1,80250.0,375.0,-16.0
1.0,1,86953.0,372.0,-17.0
3.0,1,92727.0,420.0,-20.0
3.0,1,93760.0,387.0,-16.0
2.0,1,86445.0,413.0,-20.0
3.0,1,107820.0,414.0,-19.0
3.0,1,66666.0,337.0,-13.0
1.0,1,71183.0,349.0,-12.0
1.0,1,55146.0,313.0,-7.0
1.0,1,32595.0,442.0,-18.0
1.0,1,62628.0,366.0,-13.0
1.0,1,79137.0,430.0,-11.0
2.0,1,76963.0,354.0,-10.0
1.0,1,58778.0,306.0,-15.0
1.0,1,77103.0,368.0,-19.0
1.0,1,72942.0,372.0,-19.0
2.0,1,90865.0,399.0,-15.0
2.0,1,77053.0,348.0,-13.0
1.0,1,104084.0,428.0,-16.0
1.0,1,92295.0,442.0,-15.0
2.0,1,73993.0,361.0,-12.0
1.0,1,45736.0,389.0,-17.0
2.0,1,61730.0,372.0,-20.0
2.0,1,48858.0,384.0,-22.0
3.0,1,81491.0,379.0,-23.0
1.0,1,269799.0,326.0,12.0
8.0,1,34155.0,34.0,23.0
7.0,1,28848.0,32.0,14.0
0.0,0,0.0,0.0,0.0
3.0,0,12674.0,250.0,-27.0
3.0,0,52446.0,457.0,-17.0
6.0,0,12125.0,77.0,-88.0
4.0,0,91504.0,546.0,-29.0
4.0,0,11614.0,517.0,-69.0
3.0,0,12017.0,441.0,-55.0
3.0,0,49403.0,499.0,-23.0
3.0,0,45712.0,512.0,-25.0
4.0,0,20253.0,49.0,-62.0
3.0,0,27489.0,432.0,-29.0
5.0,0,20444.0,49.0,-64.0
3.0,0,69677.0,349.0,-22.0
3.0,0,46253.0,442.0,-21.0
4.0,0,78309.0,405.0,-25.0
5.0,0,14847.0,462.0,-52.0
5.0,0,88463.0,461.0,-32.0
4.0,0,45510.0,441.0,-31.0
6.0,0,40048.0,190.0,-58.0
4.0,0,43715.0,180.0,-56.0
5.0,0,12220.0,130.0,-20.0
2.0,0,49311.0,462.0,-26.0
1.0,0,30959.0,429.0,-29.0
3.0,0,37467.0,479.0,-22.0
5.0,0,19554.0,59.0,0.0
4.0,0,57832.0,382.0,-27.0
6.0,0,20108.0,61.0,1.0
3.0,0,109146.0,504.0,-29.0
4.0,0,10220.0,440.0,-54.0
3.0,0,88224.0,511.0,-25.0
5.0,0,10267.0,127.0,86.0
4.0,0,20690.0,630.0,82.0
4.0,0,10104.0,129.0,86.0
3.0,0,49926.0,515.0,-22.0
5.0,0,47054.0,444.0,-29.0
3.0,0,10654.0,271.0,-17.0
2.0,0,10785.0,577.0,-23.0
1.0,0,10071.0,586.0,-23.0
0.0,0,0.0,0.0,0.0
2.0,0,12594.0,575.0,-24.0
0.0,0,0.0,0.0,0.0
0.0,0,0.0,0.0,0.0
0.0,0,0.0,0.0,0.0
0.0,0,0.0,0.0,0.0
3.0,0,15569.0,293.0,-17.0
4.0,0,71967.0,464.0,-33.0
2.0,0,13111.0,327.0,-22.0
4.0,0,69690.0,464.0,-34.0
3.0,0,57284.0,462.0,-30.0
3.0,0,58928.0,436.0,-41.0
3.0,0,87018.0,463.0,-38.0
3.0,0,22203.0,450.0,-34.0
4.0,0,10016.0,312.0,32.0
3.0,0,47693.0,470.0,-41.0
1.0,0,59555.0,478.0,-28.0
3.0,0,36951.0,425.0,-23.0
2.0,0,56263.0,437.0,-39.0
1.0,0,23812.0,419.0,-31.0
1.0,0,10513.0,284.0,-14.0
2.0,0,34717.0,444.0,-27.0
3.0,0,10968.0,282.0,-13.0
1.0,0,11519.0,293.0,-11.0
2.0,0,14359.0,292.0,-14.0
1.0,0,12549.0,312.0,-14.0
0.0,0,0.0,0.0,0.0
1.0,0,15304.0,310.0,-14.0
0.0,0,0.0,0.0,0.0
1.0,0,10160.0,288.0,-15.0
1.0,0,11658.0,302.0,-15.0
0.0,0,0.0,0.0,0.0
1.0,0,10171.0,286.0,-14.0
0.0,0,0.0,0.0,0.0
0.0,0,0.0,0.0,0.0
2.0,0,12009.0,288.0,-17.0
1.0,0,11863.0,284.0,-17.0
1.0,0,11863.0,284.0,-17.0
0.0,0,11863.0,284.0,-17.0
0.0,0,11863.0,284.0,-17.0
1.0,0,15678.0,276.0,-14.0
1.0,0,14236.0,274.0,-14.0
5.0,0,42940.0,308.0,29.0
5.0,0,10429.0,140.0,-37.0
4.0,0,41941.0,306.0,30.0
1.0,0,13163.0,281.0,-15.0
1.0,0,10715.0,265.0,-14.0
1.0,0,14243.0,271.0,-14.0
1.0,0,11207.0,275.0,-17.0
1.0,0,11857.0,253.0,-15.0
1.0,0,13228.0,267.0,-16.0
1.0,0,24096.0,1015.0,22.0
0.0,0,0.0,0.0,0.0
2.0,0,12877.0,637.0,59.0
5.0,0,13789.0,140.0,-60.0
1.0,0,12122.0,124.0,-46.0
5.0,0,13546.0,148.0,-58.0
1.0,0,13182.0,289.0,-12.0
1.0,0,10549.0,253.0,-19.0
0.0,0,0.0,0.0,0.0
1.0,0,12356.0,560.0,-21.0
1.0,0,17689.0,298.0,-20.0
2.0,0,37042.0,453.0,-23.0
1.0,0,23389.0,316.0,-21.0
0.0,0,0.0,0.0,0.0
2.0,0,41621.0,375.0,-35.0
3.0,0,12384.0,640.0,78.0
3.0,0,54866.0,483.0,-43.0
4.0,0,22937.0,474.0,-52.0
4.0,0,133513.0,531.0,-46.0
5.0,0,127342.0,489.0,-53.0
6.0,0,129362.0,571.0,-41.0
3.0,0,495871.0,154.0,71.0
4.0,0,460249.0,337.0,-85.0
4.0,0,452307.0,405.0,-38.0
4.0,0,20912.0,343.0,28.0
3.0,0,249294.0,438.0,73.0
7.0,0,10704.0,245.0,-65.0
4.0,0,77172.0,386.0,-77.0
1.0,0,37233.0,531.0,-73.0
6.0,0,88711.0,418.0,-85.0
6.0,0,14323.0,208.0,-53.0
5.0,0,16432.0,458.0,-34.0
3.0,0,11125.0,197.0,-52.0
8.0,0,11511.0,387.0,-50.0
6.0,0,32932.0,438.0,-41.0
7.0,0,84392.0,490.0,-42.0
8.0,0,11234.0,111.0,56.0
7.0,0,11655.0,468.0,-21.0
11.0,0,11577.0,115.0,56.0
5.0,0,258392.0,125.0,79.0
4.0,0,66916.0,376.0,16.0
3.0,0,328833.0,102.0,-79.0
10.0,0,19716.0,227.0,24.0
7.0,0,19671.0,567.0,-88.0
8.0,0,92477.0,506.0,7.0
9.0,0,68744.0,172.0,40.0
8.0,0,18977.0,384.0,66.0
7.0,0,112744.0,307.0,16.0
7.0,0,16086.0,152.0,47.0
5.0,0,25602.0,263.0,59.0
4.0,0,24472.0,339.0,-48.0
4.0,0,32062.0,76.0,-88.0
6.0,0,23755.0,132.0,-78.0
5.0,0,50485.0,101.0,87.0
4.0,0,27880.0,414.0,-38.0
6.0,0,26330.0,85.0,-49.0
6.0,0,260217.0,276.0,-30.0
3.0,0,252211.0,208.0,24.0
6.0,0,21766.0,141.0,-30.0
3.0,0,184073.0,150.0,90.0
6.0,0,312651.0,490.0,-25.0
6.0,0,324137.0,261.0,-68.0
8.0,0,193837.0,375.0,-29.0
7.0,0,16162.0,132.0,61.0
6.0,0,128002.0,555.0,-29.0
7.0,0,54883.0,319.0,-42.0
8.0,0,14951.0,297.0,42.0
7.0,0,10434.0,493.0,-71.0
10.0,0,17960.0,297.0,40.0
8.0,0,47242.0,430.0,-39.0
6.0,0,40052.0,451.0,-38.0
12.0,0,40661.0,406.0,-36.0
5.0,0,25433.0,539.0,-16.0
6.0,0,276144.0,575.0,43.0
0.0,0,0.0,0.0,0.0
6.0,0,150876.0,284.0,55.0
6.0,0,131290.0,238.0,-77.0
5.0,0,164497.0,232.0,79.0
7.0,0,94631.0,455.0,-29.0
5.0,0,11441.0,445.0,-73.0
4.0,0,110562.0,474.0,-27.0
6.0,0,12854.0,562.0,-41.0
2.0,0,11805.0,850.0,48.0
3.0,0,15099.0,672.0,56.0
0.0,0,0.0,0.0,0.0
0.0,0,0.0,0.0,0.0
0.0,0,0.0,0.0,0.0
0.0,0,0.0,0.0,0.0
0.0,0,0.0,0.0,0.0
0.0,0,0.0,0.0,0.0
0.0,0,0.0,0.0,0.0
0.0,0,0.0,0.0,0.0
0.0,0,0.0,0.0,0.0
0.0,0,0.0,0.0,0.0
0.0,0,0.0,0.0,0.0
0.0,0,0.0,0.0,0.0
1.0,0,20735.0,808.0,-36.0
1.0,0,21412.0,816.0,-36.0
1.0,0,22205.0,794.0,-36.0
0.0,0,0.0,0.0,0.0
0.0,0,0.0,0.0,0.0
0.0,0,0.0,0.0,0.0
1.0,0,17644.0,619.0,-18.0
2.0,0,10012.0,842.0,-16.0
2.0,0,11464.0,666.0,-22.0
3.0,0,71331.0,487.0,-45.0
6.0,0,78341.0,486.0,-48.0
4.0,0,88870.0,484.0,-49.0
4.0,0,57542.0,491.0,-40.0
2.0,0,65518.0,488.0,-43.0
4.0,0,77267.0,496.0,-42.0
5.0,0,51243.0,502.0,-62.0
6.0,0,115427.0,531.0,-54.0
3.0,0,82745.0,490.0,-50.0
11.0,0,10669.0,482.0,-76.0
9.0,0,124274.0,528.0,-49.0
8.0,0,25456.0,590.0,20.0
6.0,0,10639.0,486.0,-73.0
9.0,0,12661.0,493.0,-74.0
8.0,0,13068.0,503.0,-71.0
2.0,0,10493.0,634.0,68.0
1.0,0,10290.0,637.0,69.0
1.0,0,11548.0,571.0,82.0
0.0,0,0.0,0.0,0.0
0.0,0,0.0,0.0,0.0
0.0,0,0.0,0.0,0.0
1.0,0,21829.0,125.0,20.0
1.0,0,45841.0,207.0,-4.0
2.0,0,23060.0,59.0,20.0
1.0,0,48740.0,391.0,1.0
1.0,0,30288.0,316.0,3.0
1.0,0,52133.0,388.0,4.0
0.0,0,0.0,0.0,0.0
0.0,0,0.0,0.0,0.0
0.0,0,0.0,0.0,0.0
5.0,0,71213.0,651.0,68.0
4.0,0,150940.0,598.0,-41.0
5.0,0,204565.0,522.0,-70.0
10.0,0,32189.0,582.0,41.0
6.0,0,104859.0,554.0,-37.0
10.0,0,45122.0,505.0,-41.0
2.0,0,31895.0,407.0,-36.0
1.0,0,26765.0,347.0,-43.0
2.0,0,26935.0,368.0,-43.0
1.0,0,50721.0,898.0,0.0
0.0,0,0.0,0.0,0.0
1.0,0,48825.0,867.0,-1.0
0.0,0,0.0,0.0,0.0
0.0,0,0.0,0.0,0.0
0.0,0,0.0,0.0,0.0
0.0,0,0.0,0.0,0.0
0.0,0,0.0,0.0,0.0
0.0,0,0.0,0.0,0.0
0.0,0,0.0,0.0,0.0
0.0,0,0.0,0.0,0.0
0.0,0,0.0,0.0,0.0
0.0,0,0.0,0.0,0.0
0.0,0,0.0,0.0,0.0
0.0,0,0.0,0.0,0.0
1.0,0,11976.0,901.0,46.0
0.0,0,0.0,0.0,0.0
1.0,0,10939.0,899.0,45.0
1.0,0,10544.0,850.0,47.0
0.0,0,0.0,0.0,0.0
0.0,0,0.0,0.0,0.0
0.0,0,0.0,0.0,0.0
3.0,0,13501.0,846.0,18.0
1.0,0,10508.0,667.0,-11.0
2.0,0,12701.0,823.0,13.0
2.0,0,26715.0,631.0,76.0
3.0,0,12906.0,683.0,75.0
2.0,0,11798.0,578.0,71.0
4.0,0,18473.0,444.0,-31.0
0.0,0,0.0,0.0,0.0
0.0,0,0.0,0.0,0.0
0.0,0,0.0,0.0,0.0
0.0,0,0.0,0.0,0.0
3.0,0,92423.0,397.0,-79.0
1.0,0,92304.0,723.0,-21.0
10.0,0,13044.0,183.0,46.0
4.0,0,59667.0,518.0,-39.0
3.0,0,32323.0,496.0,-35.0
4.0,0,58759.0,517.0,-39.0
0.0,0,0.0,0.0,0.0
0.0,0,0.0,0.0,0.0
2.0,0,15278.0,625.0,72.0
0.0,0,0.0,0.0,0.0
1.0,0,10827.0,874.0,47.0
5.0,0,13128.0,561.0,-35.0
0.0,0,0.0,0.0,0.0
0.0,0,0.0,0.0,0.0
2.0,0,30179.0,463.0,-34.0
4.0,0,11224.0,420.0,-36.0
4.0,0,37071.0,462.0,-34.0
4.0,0,28004.0,493.0,-33.0
0.0,0,0.0,0.0,0.0
2.0,0,60057.0,507.0,-38.0
2.0,0,65694.0,514.0,-38.0
1.0,0,22905.0,810.0,-37.0
1.0,0,20387.0,794.0,-37.0
1.0,0,24063.0,811.0,-38.0
2.0,0,10527.0,312.0,-75.0
1.0,0,25527.0,381.0,-33.0
4.0,0,12915.0,367.0,-69.0
5.0,0,150412.0,475.0,-66.0
6.0,0,69908.0,497.0,-43.0
4.0,0,136480.0,459.0,-68.0
6.0,0,14366.0,553.0,86.0
8.0,0,16007.0,523.0,86.0
2.0,0,109196.0,542.0,-40.0
4.0,0,48612.0,500.0,-29.0
4.0,0,25487.0,464.0,-41.0
4.0,0,97692.0,514.0,66.0
0.0,0,0.0,0.0,0.0
0.0,0,0.0,0.0,0.0
0.0,0,0.0,0.0,0.0
0.0,0,0.0,0.0,0.0
0.0,0,0.0,0.0,0.0
0.0,0,0.0,0.0,0.0
0.0,0,0.0,0.0,0.0
0.0,0,0.0,0.0,0.0
0.0,0,0.0,0.0,0.0
3.0,0,17319.0,763.0,-37.0
1.0,0,15344.0,768.0,-37.0
1.0,0,18141.0,785.0,-37.0
0.0,0,0.0,0.0,0.0
0.0,0,0.0,0.0,0.0
1.0,0,10139.0,831.0,-38.0
0.0,0,0.0,0.0,0.0
0.0,0,0.0,0.0,0.0
0.0,0,0.0,0.0,0.0
1.0,0,255055.0,540.0,-34.0
2.0,0,68601.0,1111.0,28.0
2.0,0,257372.0,543.0,-34.0
0.0,0,0.0,0.0,0.0
1.0,0,10014.0,900.0,-47.0
0.0,0,0.0,0.0,0.0
0.0,0,0.0,0.0,0.0
0.0,0,0.0,0.0,0.0
0.0,0,0.0,0.0,0.0
2.0,0,11302.0,830.0,-53.0
0.0,0,0.0,0.0,0.0
2.0,0,12711.0,714.0,-73.0
0.0,0,0.0,0.0,0.0
1.0,0,10776.0,984.0,40.0
1.0,0,14322.0,925.0,40.0
0.0,0,0.0,0.0,0.0
1.0,0,22202.0,470.0,-32.0
3.0,0,29499.0,478.0,-34.0
2.0,0,42239.0,593.0,54.0
3.0,0,31441.0,485.0,-34.0
2.0,0,30633.0,483.0,-34.0
1.0,0,10112.0,822.0,43.0
0.0,0,0.0,0.0,0.0
0.0,0,0.0,0.0,0.0
0.0,0,0.0,0.0,0.0
0.0,0,0.0,0.0,0.0
0.0,0,0.0,0.0,0.0
2.0,0,15412.0,487.0,51.0
1.0,0,13894.0,493.0,50.0
1.0,0,28842.0,518.0,-37.0
0.0,0,0.0,0.0,0.0
1.0,0,17894.0,522.0,52.0
0.0,0,0.0,0.0,0.0
0.0,0,0.0,0.0,0.0
0.0,0,0.0,0.0,0.0
0.0,0,0.0,0.0,0.0
1.0,0,292440.0,427.0,-46.0
1.0,0,361799.0,322.0,-64.0
1.0,0,369297.0,331.0,-68.0
1.0,0,258955.0,396.0,42.0
1.0,0,264406.0,546.0,29.0
1.0,0,299747.0,474.0,34.0
1.0,0,275201.0,428.0,-39.0
1.0,0,105651.0,673.0,-23.0
1.0,0,235689.0,390.0,-41.0
1.0,0,756956.0,436.0,67.0
3.0,0,663619.0,433.0,65.0
1.0,0,845868.0,449.0,68.0
7.0,0,45188.0,224.0,59.0
4.0,0,15871.0,422.0,26.0
6.0,0,17543.0,510.0,48.0
2.0,0,474286.0,469.0,43.0
6.0,0,12474.0,152.0,-61.0
2.0,0,472825.0,456.0,46.0
5.0,0,40010.0,207.0,49.0
4.0,0,28411.0,249.0,38.0
4.0,0,189415.0,434.0,-37.0
4.0,0,229504.0,347.0,-44.0
3.0,0,229078.0,259.0,-68.0
3.0,0,111286.0,369.0,48.0
3.0,0,185759.0,386.0,32.0
3.0,0,188491.0,288.0,-48.0
6.0,0,81041.0,317.0,49.0
1.0,0,247893.0,328.0,35.0
4.0,0,60791.0,231.0,-50.0
1.0,0,259502.0,305.0,38.0
3.0,0,51260.0,222.0,53.0
3.0,0,46573.0,303.0,35.0
3.0,0,93055.0,324.0,33.0
4.0,0,21953.0,175.0,-70.0
4.0,0,18277.0,235.0,49.0
3.0,0,102539.0,289.0,-39.0
5.0,0,14322.0,144.0,58.0
5.0,0,73670.0,190.0,-68.0
3.0,0,142170.0,267.0,-43.0
4.0,0,82467.0,267.0,-38.0
6.0,0,32282.0,206.0,-55.0
4.0,0,136240.0,176.0,-86.0
4.0,0,30012.0,218.0,50.0
3.0,0,65112.0,444.0,22.0
1.0,0,188676.0,180.0,-83.0
4.0,0,38789.0,171.0,87.0
3.0,0,36852.0,301.0,-37.0
3.0,0,164140.0,212.0,-54.0
2.0,0,148513.0,266.0,-87.0
2.0,0,219379.0,399.0,38.0
2.0,0,260510.0,337.0,47.0
5.0,0,22278.0,311.0,-33.0
3.0,0,90611.0,501.0,-23.0
5.0,0,23708.0,395.0,24.0
3.0,0,35079.0,260.0,-43.0
4.0,0,40271.0,181.0,-70.0
6.0,0,48043.0,221.0,-50.0
4.0,0,12764.0,235.0,45.0
4.0,0,62471.0,233.0,47.0
3.0,0,41567.0,325.0,31.0
4.0,0,63090.0,173.0,85.0
5.0,0,32639.0,179.0,87.0
5.0,0,48167.0,170.0,87.0
4.0,0,72341.0,305.0,-34.0
3.0,0,119377.0,208.0,55.0
2.0,0,187764.0,216.0,-57.0
2.0,0,45029.0,170.0,81.0
3.0,0,92064.0,385.0,25.0
3.0,0,117913.0,363.0,28.0
3.0,0,85181.0,432.0,-22.0
4.0,0,16394.0,209.0,52.0
2.0,0,100291.0,372.0,-28.0
3.0,0,125364.0,237.0,-62.0
2.0,0,204452.0,226.0,67.0
1.0,0,241281.0,211.0,75.0
3.0,0,143970.0,179.0,88.0
4.0,0,36163.0,239.0,43.0
3.0,0,11007.0,355.0,-27.0
4.0,0,36815.0,187.0,-67.0
4.0,0,18047.0,183.0,-78.0
2.0,0,130594.0,472.0,20.0
3.0,0,53021.0,228.0,-46.0
6.0,0,29338.0,179.0,-74.0
4.0,0,85535.0,192.0,-65.0
5.0,0,17596.0,140.0,77.0
5.0,0,23531.0,187.0,48.0
1.0,0,154014.0,340.0,28.0
5.0,0,21562.0,139.0,75.0
3.0,0,47158.0,290.0,27.0
3.0,0,54229.0,267.0,30.0
3.0,0,30475.0,329.0,-25.0
2.0,0,28503.0,269.0,-32.0
3.0,0,38484.0,305.0,-28.0
3.0,0,25069.0,169.0,54.0
2.0,0,25438.0,213.0,39.0
2.0,0,34621.0,190.0,47.0
3.0,0,24612.0,444.0,17.0
3.0,0,22311.0,540.0,14.0
3.0,0,31737.0,485.0,16.0
3.0,0,19339.0,291.0,-40.0
3.0,0,47160.0,279.0,-40.0
1.0,0,135973.0,183.0,68.0
2.0,0,43520.0,215.0,50.0
1.0,0,91279.0,518.0,17.0
2.0,0,30940.0,179.0,73.0
3.0,0,35164.0,164.0,-59.0
3.0,0,39494.0,143.0,77.0
3.0,0,48209.0,141.0,-84.0
3.0,0,34944.0,302.0,26.0
4.0,0,12484.0,301.0,25.0
5.0,0,29448.0,305.0,-61.0
3.0,0,55723.0,222.0,49.0
5.0,0,44313.0,253.0,-43.0
2.0,0,86077.0,424.0,21.0
1.0,0,271053.0,441.0,37.0
3.0,0,57463.0,178.0,70.0
1.0,0,290835.0,442.0,35.0
1.0,0,21624.0,296.0,31.0
1.0,0,290835.0,442.0,35.0
1.0,0,21624.0,296.0,31.0
2.0,0,290835.0,442.0,35.0
2.0,0,21624.0,296.0,31.0
2.0,0,290835.0,442.0,35.0
2.0,0,21624.0,296.0,31.0
1.0,0,60122.0,612.0,14.0
3.0,0,51514.0,404.0,23.0
3.0,0,145072.0,564.0,-26.0
3.0,0,119591.0,435.0,-31.0
4.0,0,73379.0,301.0,-55.0
3.0,0,149130.0,267.0,-42.0
2.0,0,143097.0,218.0,-54.0
7.0,0,33249.0,195.0,-67.0
3.0,0,71380.0,388.0,25.0
1.0,0,92284.0,654.0,14.0
4.0,0,26328.0,215.0,57.0
1.0,0,238445.0,439.0,27.0
1.0,0,155068.0,259.0,52.0
2.0,0,26837.0,161.0,56.0
2.0,0,14777.0,412.0,18.0
1.0,0,15648.0,475.0,15.0
1.0,0,21170.0,446.0,16.0
2.0,0,25908.0,321.0,30.0
3.0,0,19779.0,223.0,56.0
3.0,0,125629.0,328.0,-34.0
3.0,0,118915.0,275.0,-40.0
3.0,0,125629.0,328.0,-34.0
3.0,0,118915.0,275.0,-40.0
2.0,0,125629.0,328.0,-34.0
2.0,0,118915.0,275.0,-40.0
2.0,0,125629.0,328.0,-34.0
2.0,0,118915.0,275.0,-40.0
1.0,0,150382.0,206.0,-57.0
2.0,0,112506.0,435.0,-25.0
3.0,0,20076.0,191.0,68.0
2.0,0,34635.0,351.0,28.0
3.0,0,56127.0,299.0,37.0
2.0,0,23717.0,182.0,56.0
4.0,0,15439.0,193.0,54.0
2.0,0,38480.0,224.0,46.0
4.0,0,15328.0,187.0,-73.0
3.0,0,44137.0,216.0,-48.0
2.0,0,103810.0,377.0,-27.0
5.0,0,61710.0,186.0,68.0
6.0,0,39164.0,206.0,59.0
2.0,0,168586.0,221.0,-55.0
3.0,0,10315.0,142.0,79.0
2.0,0,29345.0,146.0,67.0
3.0,0,38028.0,136.0,89.0
3.0,0,42145.0,190.0,-58.0
2.0,0,32871.0,166.0,73.0
5.0,0,23775.0,200.0,53.0
4.0,0,44047.0,283.0,-35.0
2.0,0,36225.0,180.0,-61.0
4.0,0,22279.0,161.0,-85.0
2.0,0,26067.0,324.0,27.0
2.0,0,25499.0,402.0,21.0
2.0,0,36531.0,366.0,25.0
1.0,0,744935.0,451.0,60.0
1.0,0,230968.0,987.0,19.0
1.0,0,707505.0,437.0,64.0
1.0,0,32864.0,253.0,40.0
1.0,0,38314.0,365.0,27.0
1.0,0,51534.0,318.0,32.0
2.0,0,32370.0,201.0,55.0
3.0,0,22466.0,203.0,53.0
3.0,0,50160.0,246.0,45.0
2.0,0,32369.0,164.0,81.0
2.0,0,35247.0,203.0,53.0
2.0,0,48992.0,185.0,64.0
2.0,0,23232.0,480.0,18.0
2.0,0,34043.0,583.0,16.0
1.0,0,77500.0,709.0,13.0
2.0,0,123474.0,207.0,-73.0
2.0,0,120452.0,210.0,69.0
1.0,0,188985.0,236.0,-56.0
3.0,0,86999.0,436.0,25.0
4.0,0,82110.0,373.0,-36.0
3.0,0,91077.0,419.0,-33.0
6.0,0,92183.0,207.0,54.0
4.0,0,155174.0,206.0,-73.0
4.0,0,86788.0,362.0,30.0
8.0,0,19507.0,254.0,-32.0
6.0,0,11699.0,212.0,-45.0
5.0,0,72883.0,288.0,-75.0
6.0,0,47524.0,286.0,-36.0
5.0,0,19547.0,149.0,-57.0
5.0,0,29767.0,301.0,69.0
5.0,0,207491.0,396.0,-42.0
4.0,0,257195.0,292.0,-71.0
2.0,0,10352.0,160.0,54.0
5.0,0,110663.0,190.0,-68.0
3.0,0,125073.0,208.0,60.0
5.0,0,38913.0,301.0,45.0
5.0,0,248310.0,412.0,-38.0
2.0,0,215420.0,370.0,-48.0
3.0,0,271114.0,379.0,-44.0
5.0,0,158647.0,359.0,-58.0
3.0,0,245650.0,293.0,-83.0
4.0,0,318506.0,297.0,-69.0
1.0,0,227477.0,535.0,-30.0
0.0,0,0.0,0.0,0.0
1.0,0,226739.0,536.0,-30.0
1.0,0,242645.0,379.0,-38.0
2.0,0,216497.0,239.0,-77.0
2.0,0,247561.0,309.0,-51.0
1.0,0,631384.0,358.0,86.0
4.0,0,10636.0,391.0,-31.0
1.0,0,610398.0,365.0,82.0
2.0,0,26567.0,533.0,49.0
1.0,0,21091.0,520.0,48.0
5.0,0,11385.0,263.0,-31.0
1.0,0,29919.0,680.0,-20.0
1.0,0,19765.0,524.0,48.0
2.0,0,15490.0,524.0,46.0
1.0,0,397848.0,423.0,-50.0
1.0,0,395119.0,421.0,-52.0
3.0,0,22586.0,339.0,-37.0
3.0,0,10343.0,404.0,-36.0
3.0,0,35584.0,269.0,-82.0
3.0,0,18521.0,564.0,56.0
1.0,0,32872.0,551.0,50.0
1.0,0,32323.0,547.0,50.0
1.0,0,10606.0,594.0,58.0
0.0,0,0.0,0.0,0.0
6.0,0,10787.0,255.0,-32.0
7.0,0,33986.0,138.0,-80.0
0.0,0,0.0,0.0,0.0
1.0,0,49469.0,567.0,55.0
1.0,0,40031.0,549.0,55.0
0.0,0,0.0,0.0,0.0
0.0,0,0.0,0.0,0.0
1.0,0,20690.0,546.0,51.0
3.0,0,13856.0,604.0,49.0
1.0,0,59897.0,639.0,56.0
2.0,0,29801.0,613.0,53.0
0.0,0,0.0,0.0,0.0
0.0,0,0.0,0.0,0.0
0.0,0,0.0,0.0,0.0
3.0,0,10998.0,519.0,40.0
1.0,0,13215.0,503.0,42.0
4.0,0,19973.0,421.0,-33.0
0.0,0,0.0,0.0,0.0
0.0,0,0.0,0.0,0.0
0.0,0,0.0,0.0,0.0
0.0,0,0.0,0.0,0.0
0.0,0,0.0,0.0,0.0
0.0,0,0.0,0.0,0.0
2.0,0,12638.0,515.0,40.0
2.0,0,13849.0,550.0,-41.0
1.0,0,37066.0,562.0,51.0
3.0,0,44184.0,484.0,-36.0
2.0,0,15423.0,442.0,-28.0
2.0,0,21928.0,527.0,-33.0
1.0,0,15699.0,582.0,81.0
0.0,0,0.0,0.0,0.0
0.0,0,0.0,0.0,0.0
0.0,0,0.0,0.0,0.0
0.0,0,0.0,0.0,0.0
0.0,0,0.0,0.0,0.0
1.0,0,15734.0,608.0,59.0
2.0,0,50584.0,504.0,-39.0
3.0,0,42896.0,497.0,-38.0
3.0,0,32504.0,500.0,-36.0
3.0,0,12510.0,429.0,-34.0
1.0,0,24819.0,594.0,56.0
0.0,0,0.0,0.0,0.0
0.0,0,0.0,0.0,0.0
0.0,0,0.0,0.0,0.0
1.0,0,11743.0,662.0,63.0
0.0,0,0.0,0.0,0.0
3.0,0,17166.0,639.0,66.0
1.0,0,13455.0,601.0,61.0
0.0,0,0.0,0.0,0.0
3.0,0,15247.0,577.0,80.0
3.0,0,128327.0,565.0,-23.0
2.0,0,128452.0,566.0,-23.0
1.0,0,20864.0,568.0,-43.0
0.0,0,0.0,0.0,0.0
0.0,0,0.0,0.0,0.0
0.0,0,0.0,0.0,0.0
1.0,0,137197.0,923.0,14.0
2.0,0,117855.0,785.0,-25.0
1.0,0,125374.0,781.0,-25.0
0.0,0,0.0,0.0,0.0
0.0,0,0.0,0.0,0.0
0.0,0,0.0,0.0,0.0
0.0,0,0.0,0.0,0.0
0.0,0,0.0,0.0,0.0
0.0,0,0.0,0.0,0.0
0.0,0,0.0,0.0,0.0
0.0,0,0.0,0.0,0.0
0.0,0,0.0,0.0,0.0
0.0,0,0.0,0.0,0.0
0.0,0,0.0,0.0,0.0
0.0,0,0.0,0.0,0.0
0.0,0,0.0,0.0,0.0
0.0,0,0.0,0.0,0.0
0.0,0,0.0,0.0,0.0
1.0,0,177316.0,491.0,-33.0
1.0,0,126648.0,598.0,-25.0
1.0,0,202019.0,509.0,-31.0
2.0,0,329265.0,650.0,4.0
4.0,0,16973.0,669.0,-44.0
1.0,0,413766.0,645.0,0.0
1.0,0,119433.0,795.0,-17.0
0.0,0,0.0,0.0,0.0
0.0,0,0.0,0.0,0.0
7.0,0,384724.0,331.0,42.0
7.0,0,195557.0,477.0,45.0
7.0,0,350388.0,359.0,46.0
10.0,0,18660.0,171.0,-8.0
1.0,0,10711.0,875.0,-32.0
0.0,0,0.0,0.0,0.0
